First name,Surname,ID number,Institution,Department,Email address,Assignment: Assignment 1(a) (Real),Assignment: Assignment 1(a) (Feedback),Assignment: Assignment 1(b) (Real),Assignment: Assignment 1(b) (Feedback),Assignment: Assignment 1(c) (Real),Assignment: Assignment 1(c) (Feedback),Assignment: Assignment 1(d) (Real),Assignment: Assignment 1(d) (Feedback),Assignment: Assignment 1(e) (Real),Assignment: Assignment 1(e) (Feedback),Assignment: Assignment 2(a) (Real),Assignment: Assignment 2(a) (Feedback),Assignment: Assignment 2(b) (Real),Assignment: Assignment 2(b) (Feedback),Assignment: Assignment 2(c) (Real),Assignment: Assignment 2(c) (Feedback),Assignment: Assignment 2(d) (Real),Assignment: Assignment 2(d) (Feedback),Assignment: Assignment 2(e) (Real),Assignment: Assignment 2(e) (Feedback),Last downloaded from this course
Badri Visaal,Avvaru,19CH10013,IIT kharagpur,chemical engineering,badri.visaal001@gmail.com,100,,100,,100,,100,,100,,60,wrong answer,100,,100,,100,,100,,1580811918
Bhargavi,Adusumilli,19AE10004,,,bhargaviadusumilli183@gmail.com,80,,100,,65,didn't use initial position,100,,100,,50,incomplete logic,100,,100,,100,,100,,1580811918
Dedipya,Yalam,19CE10071,,,dedipyayalam@gmail.com,100,,100,,100,,100,,100,,100,,100,,100,,100,,60,use abs(c) + incorrect answer,1580811919
Rahul,Choudhary,19AE10024,,,rcstark3614@gmail.com,100,,100,,100,,100,,100,,100,,100,,100,,100,,100,,1580811918
Rahul,Nath,19CH10033,IIT Kharagpur,chemical engineering,rahulnath401@gmail.com,100,,100,,70,used int,100,,70,wrong answer,60,wrong answer,100,,100,,100,,100,,1580811918
shivam,lahoti,19AG10028,,,shivam.lahoti.222@gmail.com,100,,100,,100,,100,,100,,100,,100,,100,,100,,100,,1580811918
Shivani,Soren,19CE30019,,,shivani.soren@gmail.com,100,,100,,60,used int + no initial position,100,,100,,30,compilation failed,30,compilation failed,100,,70,used int instead of float,60,"missed ""Neither tangent nor secant"" and abs(c)",1580811919
Shree Harsha,Kodi,19AE30009,,,shreeharsha439@gmail.com,100,,80,used int instead of float,100,,100,,70,wrong logic,30,compilation failed,100,,30,compilation failed \ logic correct,60,wrong notations used,60,"r==d not r=d, missed abs(c)",1580811918
Soham,Zade,19CH10053,,,sohamzade13@gmail.com,100,,100,,100,,100,,100,,30,compilation failed,100,,100,,100,,100,,1580811919
sreeya,chilupuri,19AG10008,,,sreeyachilupuri@gmail.com,100,,100,,50,wrong logic,100,,70,wrong logic,70,missing second max,100,,100,,60,wrong notations,60,secant is r>p,1580811918