First name,Surname,ID number,Institution,Department,Email address,Assignment: Assignment 1(a) (Real),Assignment: Assignment 1(a) (Feedback),Assignment: Assignment 1(b) (Real),Assignment: Assignment 1(b) (Feedback),Assignment: Assignment 1(c) (Real),Assignment: Assignment 1(c) (Feedback),Assignment: Assignment 1(d) (Real),Assignment: Assignment 1(d) (Feedback),Assignment: Assignment 1(e) (Real),Assignment: Assignment 1(e) (Feedback),Assignment: Assignment 2(a) (Real),Assignment: Assignment 2(a) (Feedback),Assignment: Assignment 2(b) (Real),Assignment: Assignment 2(b) (Feedback),Assignment: Assignment 2(c) (Real),Assignment: Assignment 2(c) (Feedback),Assignment: Assignment 2(d) (Real),Assignment: Assignment 2(d) (Feedback),Assignment: Assignment 2(e) (Real),Assignment: Assignment 2(e) (Feedback),Last downloaded from this course
Bhargavi,Adusumilli,19AE10004,,,bhargaviadusumilli183@gmail.com,-,,-,,-,,-,,-,,-,,-,,-,,-,,-,,1580811918
Badri Visaal,Avvaru,19CH10013,IIT kharagpur,chemical engineering,badri.visaal001@gmail.com,-,,-,,-,,-,,-,,-,,-,,-,,-,,-,,1580811918
sreeya,chilupuri,19AG10008,,,sreeyachilupuri@gmail.com,-,,-,,-,,-,,-,,-,,-,,-,,-,,-,,1580811918
Rahul,Choudhary,19AE10024,,,rcstark3614@gmail.com,-,,-,,-,,-,,-,,-,,-,,-,,-,,-,,1580811918
Shree Harsha,Kodi,19AE30009,,,shreeharsha439@gmail.com,-,,-,,-,,-,,-,,-,,-,,-,,-,,-,,1580811918
shivam,lahoti,19AG10028,,,shivam.lahoti.222@gmail.com,-,,-,,-,,-,,-,,-,,-,,-,,-,,-,,1580811918
Rahul,Nath,19CH10033,IIT Kharagpur,chemical engineering,rahulnath401@gmail.com,-,,-,,-,,-,,-,,-,,-,,-,,-,,-,,1580811918
Shivani,Soren,19CE30019,,,shivani.soren@gmail.com,-,,-,,-,,-,,-,,-,,-,,-,,-,,-,,1580811919
Dedipya,Yalam,19CE10071,,,dedipyayalam@gmail.com,-,,-,,-,,-,,-,,-,,-,,-,,-,,-,,1580811919
Soham,Zade,19CH10053,,,sohamzade13@gmail.com,-,,-,,-,,-,,-,,-,,-,,-,,-,,-,,1580811919
